sample_id,K,B,C,WM,WUM,WLM,FC,CG,CS,NSE,KGE,NSE_yearly_mean,KGE_yearly_mean
1,0.7530054314844268,0.23159347980161016,0.060662184719397334,133.97537911326413,15.287252858350634,51.53041954254296,10.125697293808877,0.6488995690568122,0.22062038576620543,0.7673055646179532,0.8208907050638001,0.6894885743784454,0.7189057607040704
2,0.5176876642337281,0.31885222906290317,0.07869772815577927,124.95317365270233,25.76265593116173,54.880965419301745,12.529612182969856,0.6965220115541279,0.14775319917686774,0.715095955289733,0.761015349485817,0.6048968665272455,0.6541350356475947
3,0.7715098102428217,0.34470965268075426,0.08129375717601775,101.34628976722958,17.87977076716653,42.96312208842619,12.985734878019585,0.9566434812545619,0.14440814738947377,0.7688120263612852,0.8730915271049653,0.6956856514798948,0.7949254709452089
4,0.7357726463195654,0.25870650394946215,0.10266886700890719,91.41806597917335,18.203915331208595,44.53492924664718,12.44657887300953,0.664000557568873,0.17647420967585278,0.7585075554118768,0.8093681177629186,0.6749723941391176,0.7083531658703335
5,0.7750831837727132,0.3021541921505299,0.08223846215317766,99.90353081054869,20.132930635374606,66.1258650452221,11.63092108133496,0.7481382826075956,0.22829208549405797,0.8035268361669661,0.8606425947476548,0.7462986745067597,0.7714250729888769
6,0.6793572693018688,0.26238452104345245,0.08189169721964909,104.29708016689338,22.660307079898473,54.69814023719497,8.23992031510205,0.8620987179086156,0.16235952675693477,0.7259313468791448,0.7935584581319399,0.6246305564352236,0.6913440302866074
7,0.6637726770030615,0.3729714714518562,0.06191246759495768,141.30586012909663,25.602765526498644,51.809349571142164,8.09522043145963,0.9979463205863577,0.14046102624187354,0.7014181195263143,0.8208403290898014,0.5935701344872464,0.7158795197823574
8,0.5249542526763017,0.23934426217329374,0.10368087569741355,86.44232533834027,25.183217531888115,58.517136451720035,8.411970569780866,0.6442864799897412,0.21717390286041832,0.7016324278733133,0.7564837020656063,0.5835229343322864,0.6404188977911874
9,0.4497340601964885,0.311757127704248,0.10041002758569198,125.51679089924718,24.099441809982437,75.93096434535094,11.141803439529792,0.9070830114923166,0.24887213683935,0.7788681999189884,0.8369921075291692,0.7061114177484727,0.7501820666258018
10,0.6943607701340173,0.2819867501874443,0.08475368524347882,132.65905631495025,16.11747629152524,61.47264542270132,12.137662537640718,0.7700381804098592,0.22442812445542581,0.7993999646159106,0.8640842841409362,0.7391520190993159,0.770857025831909
11,0.4343121179866183,0.3749132949250744,0.08878968671101482,100.35361329712548,25.883557149722012,46.15370385642523,7.863808390093327,0.83902604266975,0.21108554427402565,0.7081676697121124,0.7570712718875189,0.5920393635989413,0.6477335683377246
12,0.59152539174597,0.22221895161664695,0.06934241001442504,131.13514469648754,19.158790863153243,67.27653480481615,11.87208614607598,0.8052882304787007,0.17270043246419317,0.7537097945718075,0.8148195621690869,0.6656141774032106,0.7152962296265225
13,0.7662285035384613,0.2890051833772005,0.05842012912292995,111.81782517393373,15.662878025025648,72.92836249165765,9.438333605689987,0.6680871248039806,0.1465561939959074,0.7220347924259345,0.770080154526042,0.6196861316713196,0.6673503501363084
14,0.7496168574321596,0.2874292190833883,0.09171286244762758,149.8672413221794,19.36679914084783,61.86355502891514,10.896396222163714,0.7918354368099014,0.21600122444194564,0.7976017902862926,0.8593650619538598,0.7359718450717553,0.7689629879542872
15,0.7598992650909987,0.32431772523317104,0.10224073900781493,95.03875781126901,14.483628070643599,65.77941389493508,8.442475746622343,0.7960192041239813,0.16347976948412893,0.7391501840020728,0.7958912442825532,0.6454770798875802,0.6960960163704576
16,0.7037608579218664,0.2667722146257948,0.08480425244239956,97.48075199370545,24.137445456905965,43.209208851187164,11.480947275465986,0.7677504640649954,0.18671320513418277,0.7718716596768793,0.8308597737795911,0.6954418376613307,0.7336000903184486
17,0.48334430925300254,0.30708445896358577,0.0636176363911093,144.68209683642533,18.194274415676663,56.74498210185662,11.269739641646101,0.8776142370090085,0.24108943796944116,0.781180314863275,0.8394051105017246,0.709399830511187,0.7494676275081169
18,0.45245256451894467,0.21246951403460115,0.09953514236291991,139.22160033385083,20.856646467202694,72.23470326410268,7.586035866799212,0.949148057434773,0.2510986403856221,0.7383996089796969,0.8056724051174182,0.6415576151974042,0.7053669692474643
19,0.7250839948355972,0.3048508869547415,0.08521624935239296,143.71117721515265,14.536946204822025,66.9740336679707,11.808680712315127,0.8589372953327533,0.23699013338055336,0.8135218697031901,0.8917066668570608,0.7624316481019473,0.8084703229490819
20,0.4568937145870894,0.2699779267341296,0.08108023852969141,95.49357576169736,22.158648105014727,51.47917186352612,9.37863589239106,0.8574612656173195,0.22378962248637113,0.7381845092579888,0.7913850896445496,0.6394820509083474,0.6881611008952183
21,0.467603776793619,0.356268348682516,0.06682317107109748,100.29918844408847,15.884957522177636,70.45989035362109,12.48712634967314,0.8960241858796256,0.14631828344885,0.7293680492964739,0.7944717686062106,0.6272716067492007,0.6989495659794401
22,0.7738122899419173,0.2352480295701877,0.06474115240001836,106.40917037001752,21.865078093617292,73.8324564095259,8.074427377550277,0.8437646828734122,0.20856118509670823,0.7694571818483927,0.8287593048631876,0.6928128246188006,0.7344216376268304
23,0.6025682989067984,0.2733318622814468,0.05610559931500817,149.20194008553125,25.285543222057697,68.8295597663172,10.211259318226698,0.8868217469984188,0.15878480574552756,0.7413641505277497,0.8141403221725181,0.6478107361325931,0.716756336462526
24,0.586899275999907,0.29091927392883343,0.09093772138984291,122.80271324461081,22.56506255168496,45.409344381245866,12.110493350188872,0.8557355177607593,0.2561028080062594,0.8062421988918391,0.880582402957467,0.7516047441919242,0.7932626707805663
25,0.7428253776196038,0.32932458861917446,0.068161201125248,143.82256890752063,22.913698200058107,53.4084137318453,10.166441612125922,0.988564507108723,0.19338606725433474,0.7696581759793562,0.8790773818746842,0.6992025905726867,0.8032263650701613
26,0.7069309727961189,0.29451487518277486,0.07461653403121095,146.56533634858872,19.072956494442032,68.08624970777296,9.896156678194126,0.7241829644356547,0.15908273566953843,0.7405803355659231,0.792138397539171,0.6470367744758414,0.6911478844716601
27,0.7624995149108439,0.2810789840737162,0.06413663750018354,123.00554171982704,18.497004105279693,53.83371382205659,7.218321166626037,0.6764995915877711,0.22955087014655157,0.7578572444804347,0.811772333042539,0.6754426651064507,0.7081116081356136
28,0.45561965874389093,0.2543101645793002,0.07057114250185462,145.1246519686814,24.39980037669295,76.4097347667776,8.927293565807576,0.7221003271189994,0.2594454375750864,0.7408665663085314,0.7871062158559868,0.6457873364882837,0.6794305061761917
29,0.5477392338025726,0.36595129391611847,0.07274442987757906,131.9399293802507,20.563510375310862,76.15930418351098,10.993292803818525,0.8242512529192483,0.15408294915009577,0.7364090866792041,0.7940914982407918,0.6388878456311359,0.6940989135582151
30,0.5103376606704264,0.3793910394706971,0.07517139692585564,115.66017494142388,23.328174381808466,57.344488004798144,10.930667171750294,0.878679194433471,0.14977403510033954,0.7272559270899295,0.7912073457649693,0.624658720029144,0.6921060173191707
31,0.6243491014057682,0.27787432186491856,0.05857467578864943,137.55384655198802,25.43472945761132,60.260152557671866,11.618738130800454,0.8877683400237146,0.23449711159418435,0.8010979719609336,0.8824725159026875,0.7428036213300582,0.7954990955362976
32,0.5970248068829659,0.3211707245250671,0.09925531692892202,125.85896997943134,19.46336648596733,54.809477758948546,10.85419852756285,0.7349780560080454,0.230332927721687,0.775986670803274,0.8320376543434349,0.7018161701088951,0.7310226665366912
33,0.4293432771663323,0.24013971137096624,0.10288424518995296,128.55803538441438,16.85117419248775,77.93492822239801,8.81343969075316,0.7049172651809161,0.18967830864088392,0.6716521713330059,0.7208303166763823,0.5340790784408496,0.6037190099976082
34,0.5427190439537515,0.25837849934421886,0.08425062730412954,103.2907963234137,18.886072069323156,52.332713082838914,10.1190821655814,0.9419327534099542,0.20344620667790328,0.7524039953044966,0.8344643701616188,0.6647876821898462,0.7394298184269404
35,0.461363466973531,0.24077523559818872,0.09273913108100965,132.4479861197169,22.824497573170127,66.1064907477764,7.178381742559371,0.9378415684544698,0.16525356625746143,0.6648863028867558,0.7408538583097859,0.5253762102081493,0.6295194117883784
36,0.5309353875306888,0.2604148938790791,0.09413182986703002,91.93947696010173,24.172985746684414,51.69766988204515,10.502028701017089,0.8122863331210108,0.2572055890877674,0.7788543785704061,0.8397391075897119,0.7066128011388558,0.7411398844569883
37,0.5725734290266392,0.2570391315040209,0.07186821702080129,145.458658720062,25.008358384299385,66.55783161497645,10.197965008903562,0.9792885637079505,0.25482091280432856,0.7843392507830081,0.883743894615843,0.721306931136744,0.8063277633179425
38,0.49376531544737173,0.21410519592662366,0.07074207960277565,87.17782250793944,18.555176469339507,62.90475274840865,8.021966331822517,0.8305618496868522,0.21815878187806861,0.7165697165384293,0.7754639856073567,0.6056669624569755,0.6653287179471359
39,0.5601102234358023,0.34274763996690294,0.07996037262630937,96.7053132850097,22.05515471825392,74.54944275179204,9.835198527951881,0.9551186727839598,0.18739051381723348,0.7469438533461917,0.8350963359337221,0.6575846919065982,0.7411117966625208
40,0.7122369235087189,0.3771620546726,0.06326400983138156,114.09580687263787,17.168084572006258,71.47160716205184,9.969670232820073,0.7128773980252521,0.17048202023940928,0.7509972261397163,0.8014831803492138,0.6628532840038646,0.7010716105434777
41,0.4701992138352694,0.25991496180579765,0.0808333406946296,117.54239205208818,18.982631608774966,42.703075949963214,12.29343775171531,0.9198932784458986,0.24492129944725916,0.7838816294664483,0.8481866332909233,0.7149913170902003,0.7660341465362991
42,0.4812088347237012,0.37140284483574715,0.09527898753220329,124.64449216181742,15.039061082656605,73.5220613621201,7.455216776806424,0.780590572311532,0.1458837096044569,0.6492664894980815,0.7098390043011292,0.5027195575773281,0.5937419559434917
43,0.6239434792740837,0.23728159616051425,0.10182279755748239,108.47591692116862,25.920950260258287,58.18709812046516,7.15093626920481,0.8649586480038058,0.20041682657682125,0.7299736928337028,0.7972902045952897,0.6297625775770075,0.6913117980987804
44,0.45378514739048104,0.3636902724069345,0.08880951787074934,107.39506009795342,22.33716395485877,42.56360699343295,11.501237709540511,0.6467311448215967,0.22244070738367194,0.7300074426355372,0.7681062659170719,0.6271496915537457,0.6586942159680891
45,0.5715958334547994,0.3642284244120033,0.057235165205603435,85.3956175430925,14.460162556262581,47.74825796020908,9.66292872349114,0.9341006091200523,0.18349292736886713,0.7418186031023004,0.8216649343461898,0.6483979454063726,0.7237868362246698
46,0.7056214041407725,0.333596821049361,0.06882213265121856,128.30552708165175,15.092056025468807,77.63168534174469,7.403908391768212,0.8060008684879071,0.16062222338701865,0.7225240004530251,0.7811505945550394,0.6194615240082644,0.6778761484531507
47,0.5056902343724696,0.3493812429412702,0.08644331148183922,121.08126646135035,19.273525462193213,47.99515155144714,12.870144972649234,0.8362243210136968,0.25549699571642226,0.8009018232897623,0.8582851400525965,0.7421186366737879,0.7720361091872519
48,0.4249130128174652,0.22458657690595246,0.08977586511529581,127.19519484957364,24.69985154971317,63.72969424367254,11.34958445225778,0.9898034965917156,0.1537803698989264,0.6895036696377211,0.7984755251341232,0.5716338828282775,0.7068121460048425
49,0.5198003675038892,0.37821692164718357,0.10019432623560962,140.15755753660918,24.670563042136852,49.13958778765766,7.197496463085481,0.9793683628411309,0.17287602435464328,0.6992370378695356,0.7869325860067392,0.5830214203205774,0.6848264812316652
50,0.48693687483722636,0.35370490041348773,0.060524024404096266,111.55105450743021,22.542480366988514,62.10903539431543,9.694958032042964,0.6348407275537894,0.18390919881047657,0.6897094073430698,0.737149232213983,0.5643965329352683,0.6223098173347306
51,0.5356341751326641,0.25940331338136574,0.07666456408352873,155.021204396217,18.860107172991842,67.09239874292501,12.797854121574211,0.9391810940116838,0.2517092532850427,0.8001641291876411,0.8830923722391293,0.7438294449568438,0.8098157688649521
52,0.6911097701151745,0.2107886704150465,0.09849086947686855,97.93390688268916,21.146149218903076,77.64434667972544,9.561907069063658,0.936791541030733,0.2585219822054997,0.7970034703028752,0.8865609344227088,0.7390753914473384,0.8010965169164344
53,0.7785353730489257,0.33468878306587074,0.07381093222202063,101.09646153321975,21.0426862271094,44.47830807021205,12.631702956432827,0.8086577103949502,0.18914179589454622,0.7989220090444356,0.8636558598205291,0.7375374219074102,0.776913585378195
54,0.6525973352065499,0.27557293694729273,0.06963081453171693,140.43181009942833,18.296567100863708,55.18243808028054,12.087026993665784,0.7750596603702768,0.23629788131769697,0.7998029353880396,0.8659552233954994,0.7401026518363921,0.7719308094394256
55,0.5078807273830384,0.34202464745598293,0.09439178327979403,151.25689489847633,14.935595578754905,69.60735648789282,11.681279450848166,0.9061903290156816,0.22877985415527072,0.785500641884403,0.8530792481682531,0.7169282550367524,0.7672495954395975
56,0.5193768244615993,0.257950402603531,0.09718538710037866,85.87693369983357,24.571498920741938,68.63861368965983,7.301671240642969,0.7567648207370267,0.21511921580050883,0.7034379552679872,0.7610838427484257,0.5862586851308732,0.6470581922826713
57,0.5647009175626952,0.3223410582701284,0.08067507027463658,153.1027129459598,17.013560309624115,46.7783111262672,12.35547699522638,0.8501230545988466,0.16031562131184288,0.7572557649103302,0.8212472862650573,0.6713287912947573,0.7265317960148489
58,0.5257935261348403,0.33033689363664864,0.077128449136224,89.46315731755678,15.267201397416315,77.46683204654562,7.363398811827222,0.8326917366160717,0.1648416538750429,0.6772875509806842,0.7414236328224916,0.5459441357635365,0.6285649027536212
59,0.5590279371409108,0.35166724222259926,0.08319609530333254,116.12361138097467,15.859784008958979,69.20153822619098,10.449779510306886,0.90309823354141,0.18626212274000292,0.7564718243454502,0.8286560365076359,0.6707218792399761,0.733225027481327
60,0.6912298313896635,0.2722394481017963,0.09558091717779474,146.95080461009098,19.285684157034066,59.51890469736026,10.245998498116558,0.8738763935809767,0.18554726193061166,0.772245120175297,0.8445566446781992,0.6961821998364409,0.7514854188975936
61,0.6022753929262078,0.22812543459516135,0.056538613678169036,113.96320105212197,15.346992510096236,67.76242194789198,9.853911040608253,0.9307452633201154,0.20171564131247782,0.7584284321685114,0.8425499283381093,0.6746617416878522,0.7469096988501855
62,0.5410902968288491,0.22317505750854058,0.1009322863811078,108.57884242567224,21.405458822161783,49.82511328170864,7.543733842365626,0.9817638774091217,0.2394048167733854,0.7437396823897404,0.8351661515919149,0.6532483211122836,0.7380613745021807
63,0.6370689509890543,0.26186892439695414,0.057974777989328,119.93984468680776,14.322068859666656,61.61520449818838,10.58158633798363,0.7798767754942463,0.23743550831319582,0.7838107224895089,0.8477028998029053,0.7148405870817959,0.7488427659181552
64,0.694927076884501,0.28806556937466876,0.056471605695946545,126.66907028415334,19.432729094105092,43.97413081929647,9.395230154956398,0.6740612165469021,0.2350167395280447,0.7692027531210152,0.8260456406090384,0.6924557751952357,0.7224256758496128
65,0.6287232522840588,0.35545879621208787,0.10068118757797526,105.62137008121802,17.230265977096664,48.641112282798034,9.587034047817006,0.9469786802573704,0.19127470190228457,0.7594767864072696,0.8466524878291868,0.677477307495609,0.7531226106953111
66,0.7281798825161088,0.3626764617631437,0.06304371641317547,135.94788773786965,19.802701092576722,72.98663448474731,11.856026978628439,0.819842893641777,0.18920831472979036,0.7953620051903054,0.860212498764957,0.7315065906979216,0.7722866498209899
67,0.45023356644942236,0.2504895435051524,0.06877426781859748,99.79487716836253,20.087438976795028,59.143267626632834,12.145846764542194,0.6942098739774559,0.19478366821562684,0.7191786655221539,0.7604516797773726,0.6087464379322854,0.651004745980483
68,0.5487266898742142,0.21560047802430093,0.08411755602092488,87.905473039235,21.541486905933073,48.969891358734856,7.605103730245871,0.6773972854852143,0.21592789541611296,0.6985606094207713,0.7569206531573527,0.5788785879543743,0.6403388465149352
69,0.5562950634827303,0.38341790086205985,0.09511978232750021,112.1438474094292,19.860489718844264,45.0488227007269,7.269309999943381,0.6917585368607938,0.20154269467377472,0.7040048238277237,0.7576238549583463,0.588485845645331,0.6441062465311754
70,0.4351726381440968,0.31314917925617136,0.10121558312465181,153.2380350195391,25.52276559780029,62.4209973404985,10.460746205848057,0.6870588808268777,0.19752620110237018,0.707721520619971,0.7478394171610347,0.5910770588029134,0.6370228152368302
71,0.5377416070825446,0.21764561554003503,0.078851699937592,104.64927463435845,15.538660370525534,68.74159178595454,10.3069107398358,0.6458550172583849,0.24378864111166607,0.7414332691518557,0.7942864437062609,0.6471365011216338,0.6839909844281096
72,0.5033240608670788,0.30994492315777383,0.08995311762554253,100.72265006746908,16.59710673609817,64.40089836807527,9.081610898934262,0.7102098018231587,0.2570138866869691,0.748007222865094,0.7983802696956386,0.6578052174146054,0.6905634168753483
73,0.4271707468219641,0.2523028748897421,0.09249845223009776,152.1025012044443,14.113706184868727,56.273837576149944,9.418454781916504,0.7323169000485403,0.15316307836141538,0.6516869089315549,0.7045693652782676,0.503208541391237,0.5876377626385407
74,0.7648483369661516,0.3079778172342067,0.09798263871672491,112.8324091430535,15.756003651125747,50.24599473080728,9.913543519233267,0.8841543900622613,0.18008736453324783,0.7727446346047677,0.8457407059632619,0.6973944975988167,0.75464337324621
75,0.6623661917112732,0.23483554362950515,0.09551534155656732,132.932569241006,25.45478286425427,71.96149744421267,12.18680277907377,0.7369513116662869,0.199522769191128,0.7782533651403675,0.8350416546072523,0.7052396120595869,0.7374071992018683
76,0.5665013331853679,0.3440730707054471,0.10315895359379558,112.62113480402819,23.207524169124856,54.04783737850241,8.486634986249184,0.9103607963473578,0.2462327994901824,0.7750836798363918,0.8476651862408261,0.7013731649882835,0.7513260610456846
77,0.5157406778509277,0.368772089571977,0.06860760173370892,138.55971913144884,16.80131239997991,69.04239474593243,10.336038136669815,0.6829537202922371,0.18074910010337517,0.7166973770794396,0.7622404963957754,0.6071663508892099,0.6531940050549963
78,0.7440664744909972,0.38947561580504797,0.07146615252115665,105.55438577674677,17.121008197885047,50.62355116499458,8.363675841397122,0.7757245050755873,0.14818976641795706,0.7268427462329109,0.7831492006583655,0.6262135950415126,0.6810826833519535
79,0.595597882796811,0.3590879180403307,0.08755396434221452,145.86360585724273,25.834501912016336,55.218419064644905,12.843263563141283,0.7377666167756858,0.15818381886050473,0.7575408939502154,0.808228438830962,0.6719802169578677,0.7096118524861871
80,0.6673581866613438,0.24801996503095958,0.06978463417321241,116.21463867523181,21.349940578675724,45.23310055430802,12.88848672857846,0.9923826995151835,0.14420372012528995,0.7298208749396438,0.8647455517988235,0.6432147041869439,0.7838699078152536
81,0.65917238840748,0.31572118742261324,0.0872105726737471,112.38579225448527,21.981356225308893,55.950614958726916,9.311100204918798,0.7563016961582061,0.1762270201146193,0.7400798459492439,0.7956079166886681,0.6457462966733453,0.692057572524875
82,0.5570121273395271,0.2929407210902648,0.09882540054557068,141.0192576520183,19.490537972574277,70.56539570909986,7.07521905959034,0.893700018113605,0.21872969557844008,0.7378443150341335,0.8044057372736384,0.6414660247638596,0.6999859392413851
83,0.46335590580640257,0.30779924602204006,0.06781056896268044,109.86109755317236,14.690353425489496,65.75892002976919,8.427077172786467,0.9426904647525641,0.16967000198491594,0.6912860186637311,0.7647791886934006,0.5672805336407459,0.6593153010550504
84,0.6091913071616303,0.3090820927668178,0.10006225547384354,97.27111191130884,23.692305139416966,46.859140536008255,9.452987852342154,0.733436303081316,0.1737795225535089,0.7225113651853409,0.7773685291905121,0.617701042198843,0.6696896355691601
85,0.6871954370553164,0.22426326293481275,0.10396586395399897,92.16379333330563,14.285236852485859,62.17117311970303,10.030366085516903,0.7286103342843805,0.23599152346177885,0.7735277859810503,0.8344404662956055,0.6991501155701807,0.7322267648742891
86,0.5300355844500932,0.2260232438192904,0.10359452119045716,152.51980661410136,16.447116499531845,55.389921895407696,10.735268225874652,0.8272021109298864,0.19398247496602147,0.746012596878233,0.8048036530128475,0.652227252189648,0.7033259728739709
87,0.6174658229632698,0.28609354985437047,0.0826317967211522,130.40358621203075,18.111968916866363,58.340446981099035,9.23106862739774,0.890223808337278,0.21058871428806522,0.7662781088305891,0.8391638918165363,0.6865674978023198,0.7419533113412646
88,0.7586840938453253,0.2862221824363207,0.07821170037078658,102.34380374237817,21.39505068932103,74.83053863154828,8.558320525096649,0.7092363669900986,0.23817278642279244,0.77901550839322,0.8319694313437136,0.7087067670876303,0.7340366192301448
89,0.7546500059306815,0.24640212195321082,0.08736017079440363,116.95339205489726,16.27971231829082,50.86579406654914,8.693812941462102,0.7963636714791252,0.22742741874201994,0.7779770238231472,0.8405027291827845,0.7061640101937954,0.742841133388543
90,0.6977029371831796,0.283076209290336,0.06298966843532175,138.4612554015598,23.76158094474761,59.82147468512459,10.26229669348864,0.9013721350778228,0.1470115892947652,0.7490398925313944,0.8262743360591297,0.6613446381901361,0.7336109295657542
91,0.5534428360377543,0.373297646091663,0.08333965743340387,103.64043018985937,21.494733766568253,44.890648139160945,10.874082377807092,0.7835032061273203,0.204358642764859,0.7608338166326998,0.8142873431415729,0.6766766319260029,0.7130693722864649
92,0.5331618145069774,0.2946027000749638,0.08496791346194335,122.13915690008334,25.2730704943958,64.63833446693896,11.741711152820368,0.7250521396091875,0.17229847252024605,0.7330502740198861,0.7817841094467058,0.6326171904054567,0.6765079715532406
93,0.5131942998176723,0.3618291415739082,0.10206782406408726,151.63913997842997,18.321698318113125,45.65480947180248,11.168667478329187,0.7662327979002163,0.17004094490054017,0.7328061550001047,0.7801657819848851,0.6319597435657975,0.6768784836200852
94,0.5088699632900269,0.2855548210003319,0.07295872672088448,115.88423930881252,16.005230072535053,43.18034397011493,12.331792497058107,0.9334477026774186,0.1849537226636416,0.7569771257587488,0.8348600664506376,0.6718885668126975,0.7457758820572127
95,0.5447630116528173,0.2167883360218812,0.1028100268822131,119.71692142652606,23.487991797226325,42.09012105034591,12.800726113522089,0.7528565146829647,0.1637937262354742,0.737426761443395,0.7901059290130195,0.6388377641303082,0.6863617626057512
96,0.5783101441420522,0.3320630317551505,0.09649652535665712,123.55085574205987,14.410632376531003,57.817475633576436,11.21440918305712,0.8111907732968169,0.2419585140403105,0.7904574474933964,0.8531714178227836,0.7249412638800987,0.7581337577742957
97,0.44756483762927385,0.347030702626794,0.09352416968430176,100.99547373024743,23.94917980351444,73.96460535117954,9.183900589352897,0.974052497430744,0.22480729242919562,0.7409426843916171,0.8180660232530741,0.6475280447451023,0.726602585181007
98,0.5142684385828096,0.3026381640406487,0.08302001347184865,142.49105992650271,24.856130943317215,66.33049086722227,8.970144683551217,0.8267854570022053,0.1711224925954892,0.7121612810477007,0.7694923835598162,0.6000159276944504,0.6630098939181448
99,0.487750698930646,0.29813738092883024,0.06587919864412474,147.25652011329225,19.66884162218667,66.4025670385436,12.216435461187464,0.7438273292073885,0.17827381079143434,0.7368828413530757,0.7815072339020838,0.6376335496057243,0.6779833139365115
100,0.51155231250932,0.37799078972017064,0.09909131448747105,118.30524275015065,17.923730836212975,58.01620863835388,8.880803631452569,0.6563846257786093,0.23851360232653435,0.7341537292479988,0.7815180432265445,0.6356960342394126,0.6711667088388322
101,0.625818068555078,0.28702362140478405,0.07776557413604478,132.06182702788368,24.76130369772988,76.60973127253298,10.684561588159129,0.7176943933245166,0.14500121832193108,0.7207882839337769,0.7733780462629463,0.6160316801768491,0.6688871378440406
102,0.5815090985897777,0.33400475848618744,0.08794340652211656,126.30817231452636,23.11441383563127,53.25669803536208,12.315910504021815,0.7314590659568564,0.17847269182712477,0.7572559801208631,0.8079987948485783,0.6712193928066791,0.7069156750889587
103,0.6648167235452499,0.2451825532202871,0.09398420239426977,131.5322113762908,25.66911523567994,49.39561823631293,9.707096038382751,0.9203291285678564,0.20240293925562572,0.7712929766215573,0.8539877366500763,0.6954715914259928,0.7610683822204376
104,0.7168950858831284,0.3002088188540457,0.08630165911693713,119.45874502267603,18.45570940048407,55.474237439231906,10.703775577957273,0.8908357619249244,0.1712423258110739,0.7703882317576917,0.8470014065082049,0.6938343033525545,0.7561591520483174
105,0.5240668312207157,0.3891562983288171,0.06542781991991975,147.73302854057437,21.028210896379107,72.00648651739424,7.988535912433288,0.8162844072330165,0.2402362149634343,0.7578740730734063,0.8121777120970235,0.673026160370029,0.7095429852828772
106,0.4281133676423884,0.2142333407501441,0.0615267326455921,114.24842803466632,22.95476215145108,57.00385792741207,8.040859152547513,0.7395178603095522,0.21245025001822068,0.6841731106863453,0.7335433733745034,0.5535826189961318,0.6171035045864485
107,0.42172665412770244,0.33167029446562546,0.09214874665934712,124.01324071973607,23.5316924617372,76.83812668017711,8.723771201572692,0.9623505378993686,0.21397599303748202,0.725160003770898,0.792799058397061,0.620542511504975,0.6958402492816634
108,0.6382721359676374,0.3846114204886905,0.058826798387703466,148.22648049330962,18.69311230882776,58.67663932112421,9.988787001237124,0.7723482268876045,0.22317588809920913,0.7828753470720633,0.841781857973983,0.7123613501130054,0.7438894462589072
109,0.47841899460476994,0.3699415272302584,0.06398974999990971,151.13829751436595,24.48722824783067,42.43438991762209,11.459988178507754,0.8012297682756357,0.14337097167633941,0.7148548373635983,0.7640631287981153,0.6040903869075074,0.6610642893636892
110,0.6356983296233484,0.34323931826035103,0.09774828310263824,134.6300436705541,21.243760848086755,74.25443293629746,7.280949469948662,0.8811136605586583,0.1749426771198622,0.7278384586989293,0.7946471403152608,0.6269694767739605,0.6919673016494825
111,0.7089953143378593,0.3056051561631274,0.07414796430797047,107.72683546027585,21.73543685165853,62.38132903369987,9.272957549617702,0.9518613692899331,0.19791723177307802,0.7710794106460075,0.8599459626858309,0.6965815400334403,0.7709926257054808
112,0.7515815893163424,0.31504030000130867,0.07972119231349183,116.84818164947583,16.144261284016316,57.16719622604392,11.714749208903836,0.6376831652992926,0.14554238832006966,0.7377477222784263,0.7842370958144396,0.6432885740054967,0.682745859125101
113,0.5007647401176751,0.33985978349572066,0.09341116941731809,103.73113798425577,23.841727009002277,70.78478879236246,7.634223255963883,0.9112079655614942,0.21460814207438622,0.7303956386588613,0.7957914359826687,0.628690618439854,0.6918182323396884
114,0.6887467479084564,0.29377313866402516,0.09593356043244879,88.11141367940412,18.63574972514865,50.063805955593786,10.082650926285496,0.7736662162344867,0.24950260634705815,0.7910012228511472,0.8571442479995566,0.7273560689449282,0.7593736463090394
115,0.7159237285888065,0.36013695172527804,0.05686450243265904,136.99482056909264,17.51059026751731,68.95521192771926,7.953777940159776,0.9498347100245781,0.23379446332368067,0.7871509033775216,0.871577576456913,0.7212885442311031,0.7828850642586841
116,0.6427939935158014,0.3751525580902525,0.09449229775335961,139.46882655122434,24.534084818957023,77.32925297682665,10.799193624383483,0.6814334750270518,0.2426087989548183,0.7885677208079045,0.8447508173487683,0.7227132301288209,0.7454983739254781
117,0.5755051734866132,0.2832508915633871,0.0861697956908624,120.84068998487528,18.00136717643713,43.613430804664326,10.962105151875662,0.9675271421940345,0.1796611253056209,0.7484352680411174,0.846237531591157,0.6617311837613307,0.7567559531114652
118,0.45836101167892107,0.38112981341713525,0.08566698497397036,91.79062353385754,17.553770894303298,76.9325100259536,12.020524029683756,0.8133743758855726,0.19515507247063602,0.7499479671473053,0.7959574486303114,0.6578498310470794,0.6970768433476766
119,0.7690001502645463,0.21780880970613603,0.07375626625251465,109.61515565911269,23.997954950285965,56.1013372516116,9.343086074374455,0.6955807159215904,0.2133377031148579,0.766649996900682,0.8174497425410916,0.6886867695658672,0.7180606634703798
120,0.6542151219697893,0.21889630405471242,0.07688541440212382,105.93485631690214,21.317994055196635,56.638433349744474,11.598667767136899,0.7028315898893148,0.15460951294774797,0.7302015001032098,0.7834660176061914,0.6304589060546474,0.678853600245193
121,0.7632591049439131,0.3852992926545491,0.09233718447300616,145.4055383113574,19.682353941493297,69.33244744598176,12.979085365535212,0.7153127171908217,0.16793435400702128,0.7881136919464701,0.8377385521002504,0.7195057318717029,0.747559985538883
122,0.43733209703859277,0.30111200680268646,0.09198213847249004,137.99336309950405,17.712255949151835,75.40562827006792,10.666773912668415,0.9003152759008968,0.1670894713346299,0.7170535679635999,0.7768273813372117,0.6064769303114997,0.6770167921569978
123,0.5612633555471411,0.3402215056508509,0.06647303235112227,93.80078712984785,18.657038838592513,44.3871756367284,10.759030843863005,0.8949762109855164,0.2354637869100022,0.7841935769364049,0.8566627483856639,0.7153371995165106,0.764824134441413
124,0.5680989688826048,0.269232417568031,0.0794231170428702,92.5145281519879,18.070807477977766,61.3600912631592,9.029830263461058,0.8694233007815542,0.16186159487990046,0.711520085001023,0.7803781626687057,0.5999224254302992,0.6748434854820624
125,0.44562543116175585,0.34563057628954497,0.06575651270892233,98.49669110604184,22.630060782411178,75.69780537880897,10.399427180481709,0.8640994678732205,0.2533502423888515,0.7709788866362313,0.8216185825264104,0.6930417947159406,0.7278465990902432
126,0.5897888483932254,0.2552992901751189,0.08855617468106858,106.60532074091415,20.499295040185167,52.660883540464056,8.566242054987073,0.9122553722946288,0.17467970832360558,0.7238249817446403,0.799725715347625,0.6198865851399659,0.69668745568117
127,0.42975373635921066,0.25191120931012867,0.0968942929865804,110.27237553736646,22.18087920456472,48.868957720557304,10.5513063309401,0.6418769385542252,0.23267662165884298,0.713013698723236,0.7536029028854658,0.5997792568546954,0.6403788234129562
128,0.7268952171362921,0.2546043544773549,0.08664350695532308,140.17777384400858,21.571874739420295,43.720123107206085,9.48833408206165,0.8925199884238154,0.19627434692102755,0.7739566795176709,0.8491517225876417,0.6992403828247412,0.7565578004363661
129,0.5737240835612671,0.3265796299749089,0.0695997775224019,144.79924831094345,21.452806438755715,67.4659960125847,8.599644613949472,0.7612042146042027,0.15781459459582334,0.7035367586413881,0.7592762079918954,0.5882772807449219,0.6509852153765844
130,0.5843502710558898,0.22929825078255497,0.07802436121703453,93.25636016430992,20.55689430554184,71.79453708179537,8.167530774655932,0.9755249570705773,0.15178959378921164,0.6917800042213385,0.7916976139430688,0.5727626806539832,0.689220937632804
131,0.5518831228758526,0.34626696022094955,0.07580822230941484,103.92103338616025,20.418214084857738,72.81750196082976,8.29278988870981,0.8335804400824256,0.16884699187436422,0.7091340952337755,0.7701640791014946,0.5963789892766616,0.6629918426921162
132,0.49280208355414856,0.2641668132639605,0.061312403585267856,135.2985587334468,24.455387338906455,54.30983989545077,9.923896753729629,0.7014104676184685,0.2052865557234732,0.71997645405638,0.7674670699222423,0.6112087717609327,0.6571400705199543
133,0.6788867808046987,0.23830855599133852,0.05620839684498206,86.9740944053797,25.33713570583366,65.97594151268619,12.666293998272742,0.852428422415048,0.18828720234283514,0.7854163539076074,0.8598755980463697,0.7171075945658245,0.769704520181464
134,0.6317221164720037,0.2535522743643222,0.06659843620418383,97.09368042765155,14.851179494942807,72.62639921271928,12.22315203026577,0.7077857824715371,0.1756453939732407,0.7492387156351669,0.8024287641600908,0.6592614025286967,0.699210203522402
135,0.6630008894234428,0.3393076392385801,0.06631689722095076,96.38551185556625,22.75477447307514,69.53909555004006,8.654298486057924,0.8663488316675454,0.24476611088221067,0.7873838494950854,0.859486998044654,0.7213201094565114,0.7640572669896588
136,0.7150412867445313,0.292080522955264,0.06171222257619894,145.99383971193097,16.88771766945974,53.58897848774882,8.998740300017525,0.6850497296089159,0.14191937287632006,0.7081906899635775,0.7614327069556124,0.597691627173633,0.6554148107737215
137,0.6399791148621969,0.3389732096569127,0.10110840077754,141.51141888186544,18.251036953681634,51.09584997933141,11.24983131534674,0.7883710109821064,0.192338472611738,0.7745355083065191,0.8340973491201528,0.6986901579696325,0.7370500975276243
138,0.7019196278659203,0.38284686503584825,0.08931127784153312,110.44813499311718,24.606981485265074,45.84378975968316,9.745611772410655,0.9915272815895344,0.17537974157641326,0.7496431914084823,0.8666174713325137,0.668659645435659,0.7825969582124532
139,0.7106791688903598,0.36342693482495814,0.06375103086182335,84.90773068686427,19.090268870461408,58.709670788796814,7.472818913442505,0.6646734148087693,0.14881249639159627,0.6890866223878758,0.7448276087628473,0.5688463812329574,0.6347483810601766
140,0.737905164566985,0.2650218200794193,0.08039434874205717,96.06434042515693,16.504524376759765,55.70865423952304,11.766224462184084,0.7771550930394124,0.17799035783691255,0.7735770729700692,0.83288774030659,0.6982159998996545,0.7378986639247171
141,0.4486717453455866,0.29550877760526983,0.062340076505106215,140.83854110294178,20.47490126996594,52.847290090729835,9.63581297613201,0.9474401742519263,0.16811191831546854,0.7057899130258032,0.7794094728867833,0.5901317962100835,0.6793142644419528
142,0.5320572254713157,0.2492030738899784,0.06908389374418927,150.09816843169097,23.628327379470363,73.25553587253802,11.908130044075342,0.7493404767864488,0.2333255546625253,0.7754766630594377,0.829240825957147,0.7002184218438061,0.7295778005937141
143,0.7417385880763985,0.28224694560131647,0.06126565230562963,152.27341343600085,24.80267912052528,60.7672148488786,7.883860150723176,0.6549413386769039,0.24786135807980297,0.7744335370900473,0.8281699413035801,0.7020159829997811,0.7271673256885435
144,0.4449097052881024,0.3239454388886538,0.059203162631254816,152.78873265345112,14.740181809588158,52.949517722182875,7.1290722835690925,0.9230880648352594,0.2068261108937915,0.7032678357666685,0.7639773989992854,0.5846990765002871,0.6571059161619878
145,0.6692131904083355,0.2999116686777792,0.08588126565099724,98.84018901408051,17.803773660105588,49.73572819515806,12.420774452024581,0.9602144620906639,0.155758543933585,0.7587687079750025,0.8646757660525389,0.6797824961907336,0.7801116920154931
146,0.6436483892746485,0.32299520563831,0.0764953752372755,135.03253448496244,20.25770624060641,65.62093440774052,10.560859502512939,0.6857805531635188,0.1966047289555619,0.7566439283950902,0.8079000794526073,0.6713748940251121,0.7047544204620829
147,0.7614854791820914,0.3705541172296597,0.06802683192314843,154.0972440805167,20.887601808638383,49.611431150190114,7.692648924693816,0.6498764783151759,0.18104128186402035,0.7368375906372399,0.786414805971411,0.6413243255856178,0.6830101455515921
148,0.4425931574063911,0.27704999012276116,0.07181320468558783,120.26828253621741,17.381272954231118,69.85428289799786,10.496080023205263,0.9083832457077898,0.16742094343258018,0.7131507307636757,0.7764076828997624,0.6004660337754617,0.675676760015517
149,0.7193110585036482,0.32025117787294494,0.09026818212786769,128.00084557051997,25.50270982396375,55.05606925410184,11.3605295820261,0.9024921641031796,0.181822663760275,0.7854554633517259,0.866203781042187,0.7175539425650821,0.7805645716329106
150,0.5885839899970058,0.36175823077055347,0.08028004255807171,106.84691899857518,14.397816662897599,67.36216930216794,11.231580532163981,0.8829693024508881,0.22645097066842906,0.7903207189353395,0.8642911762281501,0.7248050038483416,0.773809392365276
151,0.7483093725793332,0.31223542145575306,0.06084536332265587,112.0326529452692,19.622554496138854,71.57215250108172,10.909669373026954,0.9724548609344321,0.14236344710900603,0.7489474632139472,0.8525715032307281,0.6657876772024894,0.7698649671969545
152,0.4986642952807896,0.2149683668616802,0.05766708815806844,129.17283789387656,25.10294562675183,60.9603248728411,7.669025978366866,0.7453148991251742,0.21751514398081356,0.7059498642155639,0.7606865609936758,0.5896299444619604,0.6471251541279639
153,0.6049302908893626,0.26558026186384154,0.08053886469443548,126.81186795906726,19.3410584036254,66.66168578352466,7.002278145096381,0.8604392751974332,0.19531325403055502,0.7231014515146124,0.7886614110092823,0.6189003463600405,0.681839269180182
154,0.5688499370086343,0.24215186710380887,0.06106795784757588,133.7389679383188,23.145935907408134,70.92479357587412,11.187054897437166,0.9574965867181044,0.23082733915615827,0.7820966373444946,0.8756328883129065,0.7146547301865402,0.792471936266275
155,0.43986550174441896,0.35429370120390435,0.08535779073209955,131.50683558904097,16.188414367680913,44.86959819561987,7.4935203792017875,0.961325872761652,0.1524025298588959,0.6570329028836903,0.7360592712056949,0.514363554369337,0.6269631152772791
156,0.49093743608824314,0.33587255390173765,0.060039468860356174,142.88305531749714,21.2262183757088,52.12733111154871,9.521251422316922,0.6602096029940969,0.1628509544486899,0.6770374779020649,0.7267193090406516,0.5450824333688705,0.6120714431398478
157,0.7381986380672825,0.3667129931848868,0.09754130386914314,126.21012937068654,15.175673508396402,58.82996044547206,7.783243598698876,0.6900967895287972,0.1626903000938877,0.7204140929162368,0.7726596795224964,0.6161145320246635,0.6671228020666076
158,0.4856461984543516,0.2739924614456894,0.08605225783754526,109.1816032722542,17.910803628726356,42.219212979361664,12.270059905064752,0.7011917442323755,0.21200488618516616,0.7423801808629653,0.7856896870899341,0.6464400524651699,0.6795776874203837
159,0.7763754848167039,0.2712684624427102,0.06729375381985536,148.46965112871425,20.67718528750897,44.675446895365184,8.917340112017133,0.8747891642610524,0.2539500093275096,0.8048465300250676,0.878525943057927,0.7495895286875461,0.7916921375499537
160,0.598126693752366,0.31820597547742735,0.07826688013577246,95.85639879216225,14.058100317260976,54.17662568549154,8.52113826404257,0.9259905521370565,0.18210231226137003,0.7319148659271411,0.8096531483843619,0.6328782127663948,0.7081002940893756
161,0.6184451067406349,0.3221381980792638,0.07355645492783498,93.49251904879306,24.303926715201634,59.976893685169216,11.936975441701211,0.7822982639285081,0.19181230256077444,0.7722459525366776,0.8318573925912691,0.6952879045121316,0.7339684236062529
162,0.4737987117616742,0.3146192270779195,0.08146820661840354,138.21669424503128,22.45833505164646,55.64870067863121,12.36785420117122,0.9526827633947064,0.202280004061627,0.7646221835736224,0.8424365462767125,0.6851324495869964,0.7599480726435673
163,0.5820273646452356,0.23666026741639354,0.0962113737002259,148.9664497127008,24.403149731595317,50.37119820137954,10.52617496977006,0.804483490081109,0.1718457709979353,0.7387971443586137,0.7982995647952127,0.6422811964752627,0.6958469138257883
164,0.655919259349825,0.36079844144523293,0.08113902565568543,90.86724395633516,20.774206595479754,43.44046729756574,9.76661201108282,0.711338163866224,0.19830277453437703,0.7506285287627206,0.8047351456819352,0.6620602024031979,0.6998872977726734
165,0.46852458230264676,0.3277934954083012,0.08921372341202474,104.92991953769004,22.271746904970257,54.53665733412248,7.849083580234046,0.765137145374655,0.1793337851568821,0.6762218408498596,0.7302717306414412,0.5427168103214675,0.6150705592442436
166,0.4975616619840007,0.356904722223729,0.05704989102881007,118.66589345963533,25.691522398748887,64.18436211548484,11.041884597288922,0.7621500131880405,0.25454851219500346,0.7788498278645,0.8286265088138417,0.706426076451996,0.7302085935027199
167,0.6445133600016739,0.33693730244024256,0.08954872432147343,130.76762405565856,15.121242784002794,64.95789173734153,8.619287340166608,0.7910154899742083,0.25031132103790044,0.7826196212408757,0.8461247517513272,0.713600650961973,0.7462461896168162
168,0.7321754078930313,0.21209648498791045,0.087823121839635,120.06908517025155,16.729609957931185,69.79150295408772,12.044853480859102,0.8762541546860445,0.17722846752901916,0.7814635635741849,0.8578271997744938,0.711381085041056,0.7703122351895353
169,0.5468602682269907,0.37130966119985387,0.06034069804855331,150.82583103163154,14.179191940110206,46.48214675129535,11.398850185266397,0.8106579655434236,0.1610447041417794,0.7419178335584475,0.7960913970559034,0.6467863236526445,0.6963938138999352
170,0.5790972733676405,0.320724513982167,0.0910488432655202,134.1665237120394,23.664420880168553,42.305424588146714,12.553558856037279,0.7849331199046834,0.21159892429701865,0.7850997526182755,0.8437351687266467,0.7151869938297432,0.748183113043126
171,0.7296798706283463,0.25591884662460274,0.10240616671989175,125.15374385703315,15.989884434907497,62.853931361766726,12.469909826825374,0.8245430466805681,0.2567100933008773,0.8193257771562829,0.8960827007013356,0.7731589878428,0.8127691764278382
172,0.5865392822727004,0.35271765873824457,0.08548162954485487,84.1692067671658,14.98122893164241,64.79029315974799,10.357588468178234,0.7686878641145399,0.2588721245783981,0.7849891910697505,0.8468736518633211,0.7174504770954131,0.7472328610807323
173,0.7101561805059902,0.2264327050170982,0.0838862533730621,88.88862548192184,17.412583262761434,49.306531401085664,10.063285067745085,0.9136637337398413,0.15625550222230739,0.7424411960870934,0.8250213269075521,0.6512203684182969,0.7294952450474832
174,0.4756649740548362,0.3577934942645806,0.05758513381230551,153.486877809146,22.387932736314745,61.11585108847472,9.614025416142187,0.7937957682109372,0.19411160392136567,0.7292655002220053,0.7763247145344325,0.6259203944006777,0.6715323778773178
175,0.720782317230696,0.21951392881414472,0.07618302539137256,88.42531720843247,23.598882807085236,48.23181891489544,11.47437379343009,0.630159930743872,0.2540653717152548,0.784460322122419,0.8427331319769158,0.7186113516239202,0.7418353537131014
176,0.6891437354722585,0.3807604403513176,0.08250456637211098,149.5377769326573,21.69018197258509,72.35769089614901,10.649541657324948,0.8187614611822475,0.24127809664921188,0.8084506448100289,0.8780005058806665,0.7535522241869442,0.7888098491621013
177,0.7464640583191526,0.22718453318075169,0.10333634325393107,121.86885393154802,19.964747094683155,47.30369784622359,8.701923820000289,0.995474199877163,0.25969137458868696,0.7822089943598975,0.8849533909203007,0.72203363379805,0.8099447516103643
178,0.6827130750612078,0.23090178257433014,0.06499907280012253,136.36836839409418,17.67067502272429,75.5317581937819,12.651928649357817,0.8151291832980643,0.21902033266601212,0.8015349421951867,0.8723966426060141,0.7425804324777553,0.7825678232142089
179,0.7795709799311947,0.297240813334532,0.07728008299906651,89.87950364466933,21.93381533572678,45.56008762657186,11.551992377990258,0.996776546269539,0.15736166181424532,0.7374077941138373,0.8543536871328348,0.6551107102826429,0.7751292405910384
180,0.6117223769903012,0.34743631707049594,0.07563981132474672,118.02740120508457,17.053116955341228,53.098993240115696,11.299325937745209,0.9446392789950284,0.25071920314195384,0.8018701098834675,0.892266138521581,0.7466435389490107,0.8138212762186027
181,0.6142992142141652,0.23270344183852903,0.07896623068260226,121.5348244410115,15.574451955954107,77.17486282573552,12.900202586746829,0.6718960287121182,0.20294214577292813,0.7639344816253002,0.8162026433940537,0.6824552293359373,0.7131504932079655
182,0.5621185116477301,0.3043125562091637,0.05786353148770292,138.7605923297719,17.279632390622044,67.6430262111247,9.14286597678505,0.6931103771633935,0.20446250959084686,0.7292625989928514,0.7804129700817775,0.6276710287230404,0.6714116796228419
183,0.7454095697651231,0.32555444687649826,0.06485345780271339,127.41204716074171,23.829139274676077,63.1796431015461,7.826625021206227,0.8465762585794507,0.24740757217409687,0.7933116186227315,0.8589699246382352,0.7308846582532127,0.7664470663737627
184,0.7135272189848401,0.2426959739855104,0.09734904304058997,99.16606107873866,16.380766689396573,43.34335538539259,9.061153853433328,0.6713144956097196,0.2556602611029732,0.7712032673350502,0.8324535056991419,0.6970264505903839,0.727594894088164
185,0.6219805666713873,0.3487242123249149,0.07450756230899575,120.53720124704691,25.047924709656485,53.69607280414708,9.720259866973436,0.8002826950706721,0.2051639174180016,0.7668048284608637,0.8262625285205678,0.6869737329761532,0.7263466557075606
186,0.5922860736628512,0.29894259501801634,0.10060088632679574,86.75219628946286,14.258995073459028,75.75850042751279,10.041998636179446,0.6628071006738266,0.21530343594841966,0.7383361438564746,0.7915114041028091,0.6420835886680037,0.6822361463887769
187,0.6267071581086812,0.24470615303085752,0.0715378951683809,113.57392547389101,22.030874421633758,45.81041526473236,11.063814543146455,0.678310183576798,0.19899140498437656,0.7479185918471722,0.8008705969993629,0.6575125229330976,0.6948729881548362
188,0.436587313935925,0.30413193453730314,0.09140236914837144,107.91414058045632,18.776709731454513,47.21931117321742,11.964460722559966,0.8411672410440685,0.2200806206788698,0.7605833879584666,0.8051191999525835,0.6748103055621666,0.7097355681495569
189,0.5635527706088429,0.23348495753314125,0.08162805544183262,134.8104040512131,21.895526153383123,65.48104133648114,8.77208268410434,0.9634671712530849,0.19696916645721718,0.738235938438945,0.8273578513989457,0.6436136882698255,0.7299889693382373
190,0.42343031750389365,0.3790878956074921,0.07224834958856949,97.72684452715647,15.208007337223394,42.951141863552984,12.511211989501328,0.8884691943074167,0.20981321624191457,0.7625379509552325,0.8092550811260661,0.678276388817356,0.7197720572740152
191,0.4649708459114711,0.2501066873239723,0.07750981066555107,150.26081075607436,20.037482057226818,64.05570206448638,8.799731821516982,0.8374156952269189,0.21794145367685896,0.7297344599590949,0.7825009230617839,0.6262276222730012,0.6771573674527522
192,0.47496571722899616,0.358345489711817,0.0867703599389703,155.39239692832666,17.797169689760246,68.48877973128462,10.621435541861215,0.8728207961388987,0.16159434128017694,0.7259302426163401,0.7834547825293523,0.6214150996733803,0.6839570988303213
193,0.4622273656309011,0.3112205286060724,0.07108330114436333,133.01182194970352,15.68855323285112,70.34205697486543,8.834215230700439,0.8680816652781338,0.22580450809577443,0.7412027311468391,0.7942748797862762,0.6448760960234868,0.6923378302988626
194,0.68327709383259,0.248723716461157,0.09635091333159121,130.80741428088865,22.43946847649793,76.25180172974125,8.241273271786378,0.6698712905932501,0.16955384400106013,0.711736766554131,0.7647530381081578,0.6027380238881613,0.6565903887752819
195,0.6578357215988575,0.306430583488585,0.05997770086422337,136.77313408680357,22.282348747266006,73.13414583529888,8.501404667417734,0.9146389030597324,0.1647227337788762,0.7383030945667287,0.8140062230507703,0.6439779462372677,0.7163699177274041
196,0.7238974074755417,0.33107518465508484,0.09309638117086884,85.97778073709142,24.058865607624973,60.61639959849346,7.399064075490173,0.8706481615522479,0.22236814494451795,0.7695161044020576,0.8357524595289995,0.6931482164684966,0.7384641513373913
197,0.5221080574329308,0.2914436588810859,0.08198376105975587,84.59546954442315,21.81047585498259,63.700486017396656,11.329939591209204,0.8024324212725902,0.1494761632435116,0.7150463053261094,0.7724791062906027,0.6043519810037172,0.6673833102552318
198,0.7574177980915159,0.30137936619067135,0.07258978606649841,123.1652472561298,18.934077197720917,48.75462636083532,8.155538141099136,0.8446243033452209,0.24588805617902654,0.7921927428567413,0.8603974062304418,0.7291003201960653,0.7667393878065693
199,0.5849787641243315,0.3571562091260492,0.08278286690827152,110.6844900654726,15.773706011841345,60.169240963067885,10.411060260126888,0.9224878837109742,0.14269245575076323,0.7277132551975477,0.8086730865930275,0.6276870764504777,0.7116418295054803
200,0.545734501084759,0.2531457313463228,0.07541144730915854,129.7352455768727,21.6547551352295,45.977298857870565,12.170415412159183,0.7581083134622382,0.1905361032847571,0.7538728123887094,0.8063103396900916,0.6649367205155385,0.7042968394638899
201,0.7053417161391027,0.38239058138061816,0.059146065554273604,94.13404263986533,14.23912182983152,59.52145690811065,9.542189746514016,0.6349249238898046,0.2531676888397476,0.777959314623216,0.8355341426437062,0.7075333102928256,0.7322442528142941
202,0.5525469315478003,0.21982335694391492,0.073993793421734,146.858351189456,16.07227776897416,53.387419694132845,11.112569532604098,0.8537775654327786,0.18127058306121158,0.747421385064406,0.8125723271570303,0.6548911519289485,0.7131201493651231
203,0.7315133203965078,0.25626298782953766,0.0792148409723879,144.0368475711209,25.748949811607673,49.5025170759307,7.745412213903904,0.9284079985669946,0.18581479997536743,0.7528354511433749,0.8287642260769688,0.667027103694669,0.7335115920950244
204,0.4313404631254747,0.34137586471339754,0.060266855865415664,90.1543196216018,20.324166059752116,64.50301118800138,11.128421098259915,0.6993929750465773,0.15959826792025017,0.6797069754385003,0.7239589135182233,0.547276338180123,0.6104037710207105
205,0.6609328858058895,0.38623510999251054,0.09042155072398772,102.10318969197601,16.77095624674424,56.97835898634422,12.402321986158032,0.9856452234289097,0.19879930238048613,0.7737991831444229,0.8873089055162631,0.7075700229411679,0.818524477356598
206,0.6961684075164767,0.26728650352417666,0.07697080295682998,109.94346911938692,19.74391424132825,57.925147008473786,7.439187585446304,0.9945720818643939,0.22980783442302868,0.7594905524764377,0.8673364413096392,0.6828050475941123,0.7763477693185894
207,0.5042575016073835,0.27266405321971643,0.07206775926314873,118.49480999177914,15.92953865774863,51.19974956514328,7.104105197009304,0.9169470803857505,0.18279048034574324,0.6898863139967929,0.7602776841926207,0.5648126327823795,0.6503606252670315
208,0.4382726864661417,0.31621060126859996,0.09813268199353564,86.24659453474021,20.399990613476575,69.47978741773414,12.768820837593509,0.9875158777936284,0.18850533694349425,0.7320551692980175,0.8302151613231967,0.6395968006278798,0.7529264951495886
209,0.5659798159218659,0.3818484156562736,0.1017512831825635,150.53336830269524,23.1768088991613,71.04339507667657,7.910834771433264,0.7549360882721117,0.17322464959935108,0.7103365001596476,0.7640437203654011,0.5986963606748081,0.6557379232537508
210,0.7003152510638813,0.2298995441207259,0.09161767761077469,122.21921401283507,22.70893725473509,60.448897827796294,9.16576637135621,0.8627425169542446,0.16436751919719295,0.7424151304317048,0.8103213511680314,0.6502892914556747,0.7120888824495619
211,0.6289975293810984,0.23625319810367684,0.07591860119142262,107.13841170885959,23.88019429351109,70.28772358477781,12.713880900263725,0.9159383241960397,0.19281219236364988,0.7835341552979898,0.873314460526486,0.7150872422747423,0.7870642650822919
212,0.6662755872359987,0.3250453907696508,0.07240012258385284,90.71971911296008,23.048650772391902,62.00480351055759,9.478564772962244,0.97065210241247,0.20943571508146586,0.7705475489752207,0.868873450860762,0.6971395533287184,0.781566165523725
213,0.7405843360742305,0.3678663776805373,0.05675816171402985,139.69711308820436,20.28625165287844,73.41916926599673,9.253998443402754,0.945418169718829,0.15680776246019762,0.7557938453257738,0.8400863132358591,0.6721114090387306,0.7516118839874343
214,0.7180490208520887,0.32829326493845007,0.0742482270647291,147.4295601873239,16.61058297111285,45.35407978097634,12.742701016093596,0.7898216225461497,0.19994499134679342,0.7994112989394019,0.8652831722051268,0.7378319393383,0.7746796316814643
215,0.6857863008544218,0.23942678945338455,0.09376706801647106,98.38783044552223,19.557183958880287,59.7067783308613,9.321881986132725,0.7168513141970732,0.20897793430371275,0.7529787922731798,0.809130453767536,0.6664066312311347,0.7048374280815689
216,0.6417264149185332,0.3510009964246049,0.06755501705740713,95.2494988839329,20.970132304028226,63.24395232176381,10.61392232715226,0.8425659135905104,0.1504999947016114,0.7432098703236152,0.8089151907004017,0.6510142039329866,0.7108986373605427
217,0.440476580707325,0.3107985480223578,0.0957436040039288,99.04351907344552,16.32651426204971,63.02239945244345,12.606924289107223,0.829565889168369,0.17880563785818476,0.7400532313324442,0.7864860903386481,0.6417566496953225,0.6877424850772194
218,0.47674599372471627,0.31977552556370675,0.05941224749482747,144.29912453802797,17.470957577545505,61.70178277297316,9.651804265486891,0.8720373833790572,0.24966280452966072,0.7700976852025989,0.8253426576530607,0.6918732554477299,0.7301415129322854
219,0.5988259344958564,0.34841891383536594,0.058984882838134876,106.25929819215118,19.56460744213257,70.11945358935668,11.520510031279205,0.9828247516086014,0.18402686510558308,0.7568042070130391,0.8691760468927643,0.6785467742922141,0.78841519431404
220,0.5933681872812684,0.3381917532759384,0.0573614294642802,137.41886623123503,21.08155005326114,72.44868895548197,8.116861164819316,0.8857608908764596,0.1413917093529185,0.7014979082517846,0.7718674680648718,0.5865660751157962,0.6678897658038279
221,0.5365051799031794,0.2634043886737758,0.07038926412518612,113.3764914715577,20.955935015357575,70.88322065092272,7.055618379820616,0.7461410099784026,0.14380413036683032,0.6416118286751731,0.7086199319648713,0.49165644176219636,0.590586194902403
222,0.7347724016087089,0.21304323548824375,0.08963425476629387,147.98924688735704,15.414208713364848,53.933673082428996,9.816237403063752,0.759557470455906,0.15101513215959922,0.7315326472985306,0.7882876565617596,0.6332416367827889,0.6868196010806175
223,0.5547671479489809,0.22029216773943638,0.08802751365630992,94.76348084813368,16.975406709494237,75.28517633212877,8.314701608885237,0.7852861724600866,0.24526169744883802,0.7486162134523785,0.8091868135672025,0.6584529053677254,0.7020957360627629
224,0.673897339931065,0.3414618016104781,0.06708124934555237,115.14789726580122,14.132956050508772,47.86529723774691,8.186066752653645,0.7226461019202832,0.24046787877289677,0.7651659733981029,0.8242765899046157,0.6860878460945494,0.7194456232070758
225,0.4843978210279104,0.27989381984509015,0.08008066857670253,114.87342008168548,23.253560945036796,62.6832678132931,11.950129466209969,0.636326131987424,0.17707159426436597,0.703735319688813,0.7481337028962988,0.5857784506952967,0.6359512600701056
226,0.7504723565481985,0.22891505298178036,0.06455837188097478,104.63857866538856,22.483711418165072,58.93673986175546,10.946476540049268,0.7533001972179156,0.21962356613573433,0.7886869285722253,0.846426880362303,0.7228850641737915,0.7523374473304075
227,0.4324449576290791,0.3691449833452435,0.0660423467565699,135.71427211706168,20.22872249346537,46.3999262759123,8.018022106263015,0.8281387199895636,0.23765864925714575,0.7311821798401139,0.7753753053746462,0.6290251686763215,0.6698997048884074
228,0.4244368416348712,0.29620637243961867,0.10343942679719029,84.25678359155445,18.570813638821107,69.98937180522674,7.327805522835447,0.6513043183968134,0.23162078100150324,0.6743223040630417,0.7245780435914507,0.5392964926160292,0.6046356520106493
229,0.46587229121886103,0.22147180353351892,0.06620201441471402,124.30028639919018,18.377928643502848,42.734674744464336,10.238383197978667,0.7994888278559106,0.18446874774569255,0.7115519928510385,0.7625574257515407,0.5967715087618586,0.6545196592029836
230,0.6505473095188938,0.27046920310244293,0.06742559718211599,85.54757775196094,23.470568413983205,67.86470019508283,7.0331862839183295,0.9272327325004438,0.15322843495877805,0.6953866729572875,0.7754232799693953,0.5777556194160984,0.6697727073611006
231,0.6009915503090333,0.32956994815995005,0.0846125675079742,155.75092799724834,20.81809800939339,48.54724486751615,11.722035719774981,0.7387091345809356,0.18713124911533502,0.763375172084044,0.8157831416889668,0.6809500822712953,0.7156752283705055
232,0.4998710485928945,0.3742637624328812,0.07100651807582335,139.0108253192319,16.684329977658994,74.0454794742524,11.025512701021668,0.8402823504356005,0.2291064133626402,0.7774550411014004,0.8315474395399057,0.7030366169317971,0.7374829765986706
233,0.5167971762483928,0.28413327702608265,0.07646065100474542,143.32073138522367,15.370539017127573,58.22759376213824,12.005499417476742,0.7782333758575345,0.19032007997721462,0.7520240761131298,0.802321539947211,0.6617011627650514,0.7014799631535242
234,0.5347563391117427,0.36600555586909267,0.06278394818162616,136.2337054109049,24.75676982328869,48.30854558296224,7.3451537418254595,0.6388547167552596,0.14850208355983965,0.6446431585947375,0.7052532775714887,0.49712892369791106,0.5868298869424712
235,0.6156448950674114,0.27644025209846274,0.06350001721813159,114.51886597685991,20.07578914326859,72.53582549658762,9.287761070946045,0.6745464740087441,0.25760089408189896,0.7685043685413026,0.8268324942062673,0.6921235860014551,0.7213784274959436
236,0.542039648560573,0.3761512762085416,0.09324068344239006,125.54251387776185,18.810294892522208,50.967529255151916,12.938307938741794,0.7061247180492167,0.2219360228034088,0.7768240633069831,0.8246894210877137,0.7023140894556028,0.7250681625209107
237,0.6390226300324637,0.3874431482318744,0.09896870384374076,115.25062425323729,19.016536329775594,46.66639746697534,7.506629486473183,0.9322507525120839,0.2512077691152235,0.7811986767458983,0.8605733346801281,0.7120067235520684,0.7651459864879281
238,0.6201957476917589,0.23193358165681707,0.09468899055447115,121.3398346438355,14.914219014536716,74.33195978582037,11.406383479435346,0.8541382123344565,0.1828131028921055,0.7644845514150648,0.8347079672910519,0.6832420114809309,0.7384570843311256
239,0.6930662376507922,0.23769040378428793,0.07526666655968638,111.18946312980194,25.21506941112834,59.18716770484936,11.665837888030506,0.8587310779855633,0.20365190287602894,0.7900328197616361,0.8642475006485932,0.7245496014313964,0.7744063446194224
240,0.4890824894351435,0.3086447651706788,0.07329523185391373,87.6753232253068,15.508670070006545,55.880568422900765,8.940087272430294,0.9591727385336053,0.21425097843604296,0.7361392979800178,0.8132954311536137,0.6388614258734205,0.7158011921548292
241,0.6494891646900068,0.24723486508903286,0.0655749316617219,108.8168050567798,23.73196500576666,71.3139041281544,10.002242463269447,0.6591121855919682,0.2166478709448543,0.7527666559417739,0.8063543622356614,0.6660700196851865,0.700480665450123
242,0.6697461990055542,0.27842456817617145,0.09995569820834327,142.20531002229677,16.293661530488066,76.49494768437017,11.425118781637615,0.6792371582363378,0.24292804190635464,0.7891054564700613,0.8471713553330192,0.7240221744228845,0.7478299338488654
243,0.527401253730124,0.332685754385152,0.07842349819757141,155.8681383512642,17.317141047002295,44.08828450598066,11.99888291293321,0.7260056016093002,0.2130214056739948,0.7631923389187163,0.8099063363491232,0.680144607518324,0.7087704293981789
244,0.4209287472582671,0.35980995501459534,0.09125717913976032,108.16569646908371,24.220868568567433,77.83457500878023,7.532928540761166,0.771243810620912,0.23235699256765588,0.707445568475182,0.7522799386732201,0.591470991226911,0.6406997505409342
245,0.6104723935371443,0.2986029676853135,0.08714826438120155,124.55620446358753,15.801559175101493,56.779903923566806,11.092774618257948,0.8977535714505773,0.22082352042312942,0.7873041714530502,0.8662115605611228,0.7202557496409879,0.7759083210209154
246,0.5800162437654418,0.3353415323815315,0.062017609677261935,113.2665116083449,22.236391903060703,44.25211932392385,12.686606357715508,0.8461164836942812,0.24329003061030985,0.8051285521073255,0.8760242771373863,0.7489101284201808,0.7883460843529704
247,0.44355799727894646,0.24578948943008055,0.09863389086583196,117.63079038204268,24.999441189723065,65.04869459683151,9.862780101570245,0.653326067657906,0.20832383168093094,0.695270677332108,0.7405480918764258,0.571593026350035,0.6253727455528749
248,0.5943203707957103,0.21170242941740702,0.06692629122177636,154.01700363295146,24.257246038285643,46.22790627149317,7.7031898614352174,0.8080019339514983,0.22632463869783867,0.7440791114330454,0.8062034478126353,0.651307548127842,0.6997476373930869
249,0.4950782833277774,0.2274064365869854,0.09970657002118624,133.62702478645795,24.355924803220045,68.28901672895186,7.978878942517252,0.7472182761386243,0.2331808802901636,0.7230574834000306,0.7759555332576585,0.6169692615214402,0.6648648151273944
250,0.6805485045643804,0.34518754196941714,0.0761428849631258,137.1238952667485,25.96225155251928,50.46898428504333,10.762803594844067,0.7420434768983505,0.1501662712772449,0.7449171623809621,0.7976347319394367,0.6535003380799153,0.6980589653527575
251,0.677658488555539,0.25126117655367564,0.08830244223389178,129.53086027454125,17.08358925110965,71.75079750747723,9.785484910704362,0.8797147776999409,0.15971802403612562,0.745018313266161,0.8173549738413909,0.6542166575248094,0.7205068433616162
252,0.6995594782945719,0.3372611364943887,0.07311990750547587,92.75863548804831,21.602425229687576,60.04263378474633,7.765456719533529,0.8345944935412062,0.1513752107125083,0.7167403829444328,0.7795017367013513,0.6110564851970205,0.6764615991689653
253,0.4802398898429701,0.29641776437347717,0.06421155450781166,102.54072833998313,14.81793009418215,59.34038142320699,7.259291624088727,0.7414383361361111,0.21027522469324053,0.6889581005295377,0.7426213962988331,0.562873370467064,0.6267539985457679
254,0.6075374805406069,0.28488123587219144,0.09281951503427353,110.9913187465111,18.740100481973407,50.01875230526317,11.000672199383725,0.690635715317111,0.247104118315235,0.7758360750002468,0.8330404283614045,0.70283675707943,0.7298275201188551
255,0.5281827745232558,0.275390746848859,0.05980450422760703,99.40211093917898,14.678845406072092,73.63718010522481,7.23700524770272,0.9765068501384615,0.22149657872263512,0.7283284140998408,0.8143240516637621,0.6276649459055085,0.7135058004771472
256,0.7692623542397582,0.3500364754663069,0.07484599421994104,128.83910289818056,16.421329992393268,65.27337662063329,9.952961878605631,0.7143482605742365,0.16562784440071945,0.7558404585685129,0.8046730389960723,0.6704297224926201,0.7070485487834847
257,0.5208272544877607,0.21610379666711496,0.06440712774432661,117.26853993148166,22.870182811817585,63.56688147026212,10.14710408647192,0.6541348280028774,0.14100750823328653,0.6585377742487255,0.7160702476504678,0.5166912344192761,0.5992637378228282
258,0.728526333695825,0.35280073983750715,0.07055693138328528,85.13951763094859,22.785157920686512,75.2121008899177,7.0863255075437,0.822222120496928,0.14039860210385383,0.6993768374228736,0.7620061484170639,0.5850057546628685,0.6570668849594201
259,0.5074240836879218,0.24149411852544095,0.05814530506691695,105.2445395141969,17.34016877422151,73.7579792907076,8.672016097782542,0.8178841139378619,0.19592677922570248,0.7144768735544721,0.7723792205594959,0.6027358689387723,0.6635557320155347
260,0.5497156691545843,0.28962795491778703,0.07917107198068703,127.51231688583903,24.030260121909095,56.32575690461477,7.653128974361324,0.7301536264042088,0.15554400259922505,0.6695907666258162,0.7293210999498163,0.5352217059104709,0.6146196223652691
261,0.5016369814014815,0.36488292322298316,0.09375946835384306,91.17354707196957,15.453954426081856,63.38703568065388,10.811895250069503,0.6580876810360401,0.25263821775148676,0.7534905160893838,0.8001210113606221,0.6664638904036283,0.6932022939634559
262,0.7222409887581027,0.31388062014798784,0.07320263350442169,122.57676557224846,21.17356063430293,68.0321949380239,7.5787541086507195,0.7207625285177228,0.15649955189125916,0.7131937559885377,0.766395253159499,0.6056507739662061,0.6610850787943344
263,0.7558213579521866,0.3177807241589711,0.0822619538012465,153.7444792712466,17.595820183087874,47.07253654634821,7.7334665661480395,0.9682523735406843,0.19085993313307692,0.7600856945958718,0.8482906209028482,0.6789555899705019,0.7571624435380624
264,0.633590850676867,0.327144823236976,0.05955164957556146,128.8858682018117,20.717899721801793,51.89434441988544,8.334234342398435,0.9670188192215319,0.22684984410163184,0.7711147459696789,0.862062216917504,0.696789288029113,0.7704339308000283
265,0.634670012719506,0.3842078871932443,0.09069764510179502,116.41212863727601,23.02224761187191,76.74303397962873,8.622851425646543,0.6658008580801053,0.2276937182403248,0.7566351106599151,0.8096772361497838,0.6722402995451233,0.7040975396851405
266,0.657449474449005,0.23426894736795262,0.09503658146302407,130.09325038960992,20.604560767653382,56.50508861831558,9.137281489414843,0.8486423659322749,0.2521873350971167,0.7884970340526924,0.8612187437578191,0.7233289919143394,0.7650213316791583
267,0.6464961475336188,0.3547998564966064,0.09077126355257556,142.6673742604301,16.52056498933907,74.66513127377513,12.837103278929686,0.697844991935817,0.24814373561358538,0.8045795095251704,0.865644532925859,0.7483953666630102,0.770447919839506
268,0.6068066881116478,0.32619206352540575,0.08355532766739343,151.81099158857748,19.792636048618526,57.64654368300992,10.369451470218142,0.6618387503382597,0.2078359570989164,0.7517017964226314,0.8019111795970233,0.6634724393779646,0.6965240206885568
269,0.7669220062834845,0.2470577418114237,0.08339076810864561,92.97776697308711,25.139919931631727,63.94584932513257,11.780249313196759,0.7870828319971597,0.20599771146956636,0.7944414129947475,0.8525486028405687,0.7315255450770495,0.763748837251205
270,0.5762047115622443,0.38682485474141015,0.07134157584952101,119.16658983121741,19.238703721039897,54.42011798532381,12.949098504546686,0.6818770459740072,0.18780351725550942,0.7603009344793167,0.8070959945764176,0.6761131835237116,0.7049350580436281
271,0.6843611384301371,0.3802795281133449,0.06245127858586847,101.7514845326734,20.18350539898612,61.2666050742063,11.31512588443407,0.6881138931323553,0.15223234853937456,0.74105602885585,0.7903857733155433,0.6477843332405585,0.6886841950958053
272,0.6300538927432708,0.26874199672317844,0.07501313921204511,135.4875871004869,16.228543464396296,57.44265026553119,11.896937484062278,0.9353884661821998,0.22433610040825114,0.7940204850865407,0.8864004134663239,0.732908852652819,0.8042427271995523
273,0.46004455164724184,0.22379727868355018,0.0837849718206552,96.80271381276279,23.363743317813537,52.071233879967906,9.500072324895699,0.9546575809613502,0.23644725234011166,0.7492781958565295,0.821857180574259,0.6591735156759769,0.7278769793894108
274,0.6529839411799494,0.387790291902678,0.09014763744548353,89.09663934302893,16.64158240833561,52.26785590995315,10.832833208107266,0.9841525839210654,0.24648040645947103,0.7901013563899552,0.8947424784202709,0.7326039758242259,0.8261801750583919
275,0.6213699017664772,0.2615564762751024,0.09677858313701296,119.01040275330041,21.7678783817048,68.26030355655232,9.0051466137439,0.7930723584186127,0.2314623812440499,0.7678887691915245,0.8299458890678328,0.6895477010187853,0.728051087384679
276,0.6121292891351471,0.3134981499576782,0.09474725459098536,94.51032119495031,14.597204220770005,71.227040915577,9.114540218119227,0.7070957245249541,0.2000846410325815,0.7335090163974507,0.7878815836555431,0.6348820848761384,0.679686796121386
277,0.7773624310563283,0.26638908356852553,0.09602048841768765,133.32751026115648,22.961457207827316,52.46709302328795,9.200537115538529,0.6427028398563251,0.24857563902452096,0.7837468780655314,0.8367759953875094,0.7167882918901041,0.7384889533530039
278,0.6714075959179449,0.2631590863149346,0.09701738764664447,143.15223658858807,16.935144837097383,65.33343185591993,7.806647542700723,0.6688665957952235,0.17408099413809783,0.7072167405223476,0.762071240819657,0.595371835867483,0.6521884102087896
279,0.6471149526191075,0.2774078957167878,0.09831216744002963,103.145243842375,23.4355211503291,48.02740034779583,12.38065735340533,0.8502745189463446,0.16619729794989785,0.7693354782672863,0.8405447709875027,0.6914617130100251,0.7470975423948549
280,0.48976775639775316,0.290264232409651,0.10217263640396004,154.67558198140944,15.047459331790234,66.7511690702504,10.291124369054485,0.9051792088183911,0.20624189948531824,0.7530221985406484,0.817337135859928,0.6639563949325692,0.7218771463490739
281,0.674639730781992,0.23339419299859576,0.06998764805320748,91.62994835707383,17.9862491859242,75.00770506218785,8.859691700830865,0.924809548545922,0.14305072649445214,0.714581637943074,0.7977596820695156,0.6083424323753674,0.6979854454673124
282,0.7395416640988055,0.3764726744581792,0.07017914696415517,146.21198936740416,19.191388880834054,60.94714859944352,11.652332778627919,0.7981714255486951,0.23429667614601807,0.8141592718459727,0.8820125654374333,0.7622706116560459,0.7957077680582957
283,0.47197483996965844,0.28079132410169694,0.09790924473914511,127.86484634724908,25.873421207924444,43.81991914937844,11.8341536182016,0.9404408815551318,0.19242826028630847,0.7529257640036338,0.8273768069566306,0.6649845437816975,0.7381499976701633
284,0.7341895970285477,0.24305046920073414,0.08839519295044597,102.9061898607449,14.620096519745237,64.81206264017001,12.586361282942175,0.9707345753068026,0.14721339342759884,0.755298224381247,0.8667205468060188,0.676664539003382,0.7868086983806314
285,0.4587909904297658,0.33611110760697216,0.08440814540295846,154.44376498524528,19.946516978061478,52.72758632673946,12.573339243271269,0.751068932680664,0.16860765631366448,0.7309837361197258,0.7715446591223467,0.6279591669027511,0.6686487069177574
286,0.6491241757806405,0.2747818890700233,0.10144841215845168,89.74320080336513,19.89034228712595,76.07274538089354,8.27654016029216,0.7280775643330734,0.2117401191368995,0.7398828107137373,0.7972718253322593,0.6456913601395582,0.6899682015683897
287,0.7229446762584917,0.22116050424476705,0.0691385126667695,129.9589452187683,20.732588697898613,57.54392885128055,8.463722775082084,0.9932326085171787,0.23047316127359468,0.7683320734637852,0.8768038625834628,0.697734573239755,0.7939060245027647
288,0.47896770298033114,0.22541259902949964,0.06797769118708709,90.4481213463856,14.794381231672373,66.85622656344049,10.425418407867728,0.9300696952608256,0.20643373795777534,0.7428312838201515,0.8145195488276772,0.6477637794916776,0.7180589166365192
289,0.4965179986288992,0.21047992224645828,0.06212081710896437,149.44382114933205,17.617373969929012,47.61876811398821,11.56143129000124,0.640117707476993,0.24201048374261952,0.7422799649988873,0.789659454422774,0.6476173018084361,0.6809720552155719
290,0.6728331149227715,0.2680568595379104,0.0889944285239406,101.82350342528308,14.000649218253699,51.3415611620388,8.873560231083436,0.6318464872342523,0.23966625323240498,0.7509100189769145,0.8083373425873985,0.6640807166330549,0.6995135114700782
291,0.6146762567890739,0.292229378225894,0.07963804760897701,148.5924191501322,17.73233838489991,64.28381142654946,8.357168689701464,0.8209718355462285,0.15491209204351886,0.7112912940003294,0.773277043506565,0.6009821257209412,0.667828357394479
292,0.6765649494314188,0.3170719679499001,0.06526602749364087,95.59544350623118,25.387590473937763,47.01274741045138,8.741532773229018,0.977430259678527,0.2072299686785038,0.7634928810380515,0.862546308788415,0.6863596105422783,0.7733678458240474
293,0.5705927889830934,0.35064996577984153,0.06271618054251066,141.81172201687895,18.410608538244503,47.50330634022252,8.121136353568,0.6327306594341863,0.22322704800305174,0.7256203869824929,0.7774446835783074,0.6228164728909055,0.6659243006357612
294,0.7029652330987356,0.37251202167560543,0.07772393982100675,141.99323220666355,24.930509183856593,74.90790636182444,7.922577548093409,0.7189853961491458,0.20096189936087544,0.7549646003580939,0.8066136429605555,0.669153522336161,0.704996811622816
295,0.7560521700744154,0.2794664058765175,0.05831040801731736,87.54042737021538,23.30815110778161,50.674926042294075,12.2420702053662,0.9183610195597277,0.2252099790874827,0.8073838382059656,0.8934943528367191,0.7544689310553905,0.8186671254758099
296,0.6042648433722468,0.3031648950304531,0.08697025522192756,123.83055030855093,18.14409641012366,48.41069941007018,8.380016492336694,0.7637430599339085,0.2443368078145297,0.7631869651304571,0.8224137682303887,0.6824394360923237,0.7178541833571453
297,0.4712403181224027,0.38873401167427063,0.09942057484600955,109.25901014088122,22.103500779702234,77.08978224066314,8.203460478426866,0.98455337008164,0.16643230870368295,0.6901340157890861,0.7837312240436312,0.5694082363762891,0.6836866844861322
298,0.5399542771974595,0.24374620047243342,0.10138703162543865,155.15844157930474,24.88321109281616,62.61177744007334,12.732948216457523,0.8991743616947775,0.21944741609460128,0.789323426569454,0.866001249426473,0.723009156826448,0.7801750562920036
299,0.7717189357698959,0.367218770107741,0.09217597296914828,88.63271151092096,15.634104908761579,74.45258860285051,9.043475537755647,0.9647074513347668,0.2388475310169048,0.795962929964574,0.8843501235025483,0.7374753506758077,0.8063310548799745
300,0.4517600652044724,0.27112008086295714,0.06837378079496469,93.86607770478294,25.566812763524474,60.574165069102584,12.06733375122515,0.6480742753332822,0.258204264252696,0.7505938676211752,0.7926179996299092,0.6614041866951782,0.6860843882992645
